{
    "CompileStrategy": "fullobj",
    "LVLData": [
        "SIM"
    ],
    "cpu_cycles_pass2_start": 44519032312854,
    "cycles_program_begin": 44518512246234,
    "stat": {
        "cpu_cycles_cgstart": 44519032381064,
        "Frontend(%)": 57.528528330644995,
        "ru_childs_end": {
            "ru_utime_sec": 0.0078549999999999991,
            "ru_nivcsw": 8,
            "ru_majflt": 0,
            "ru_stime_sec": 0.012537,
            "ru_maxrss_kb": 33704,
            "ru_nvcsw": 18,
            "ru_minflt": 6402
        },
        "cpu_cycles_end": 44519438977577,
        "outputSizePerQuad": 10.342585829072316,
        "ru_self_cgstart": {
            "ru_utime_sec": 0.192942,
            "ru_nivcsw": 19,
            "ru_majflt": 0,
            "ru_stime_sec": 0.051715999999999998,
            "ru_maxrss_kb": 86728,
            "ru_nvcsw": 22,
            "ru_minflt": 26832
        },
        "quadSpeed": 184697.99382091447,
        "ru_childs_cgstart": {
            "ru_utime_sec": 0.0078549999999999991,
            "ru_nivcsw": 6,
            "ru_majflt": 0,
            "ru_stime_sec": 0.010404999999999999,
            "ru_maxrss_kb": 33336,
            "ru_nvcsw": 17,
            "ru_minflt": 5803
        },
        "nMops": 78028,
        "nQuads": 27380,
        "mopSpeed": 526355.55375669524,
        "totalObjSize": 283180,
        "ru_self_end": {
            "ru_utime_sec": 0.34118399999999999,
            "ru_nivcsw": 22,
            "ru_majflt": 0,
            "ru_stime_sec": 0.077813999999999994,
            "ru_maxrss_kb": 97564,
            "ru_nvcsw": 23,
            "ru_minflt": 31946
        },
        "cpu_cycles_total": 926731343,
        "realTime": 0.42574191093444824,
        "mop/quad": 2.8498173849525199,
        "CodeGen(%)": 42.471471669354997,
        "peak_mem_kb": 287772
    },
    "CompileProcesses": [
        "cgproc.98980.json"
    ],
    "CompileStatus": "Successful",
    "SIMBData": {
        "out": "amcQwB.o",
        "bytes": 124658,
        "text": 0,
        "archive": "archive.2/_98980_archive_1.a"
    },
    "perf": [
        {
            "stat": [
                "main",
                "entry",
                0.014400959014892578,
                0.029012,
                0.012005,
                211404,
                211404,
                0.0,
                0.0,
                1715239382.3415461,
                44518512402814
            ],
            "sub": [
                {
                    "stat": [
                        "doParsingAndDesignResolution",
                        "entry",
                        0.028183937072753906,
                        0.032438000000000002,
                        0.018245999999999998,
                        267312,
                        268112,
                        0.0,
                        0.0,
                        1715239382.355329,
                        44518543433761
                    ],
                    "sub": []
                },
                {
                    "stat": [
                        "doParsingAndDesignResolution",
                        "exit",
                        0.066241979598999023,
                        0.065872,
                        0.021957000000000001,
                        270288,
                        270936,
                        0.0,
                        0.0,
                        1715239382.3933871,
                        44518629274163
                    ],
                    "sub": []
                },
                {
                    "stat": [
                        "doPostDesignResolutionToVir2Vcs",
                        "entry",
                        0.067331790924072266,
                        0.065922999999999995,
                        0.022973,
                        270288,
                        270936,
                        0.0,
                        0.0,
                        1715239382.3944769,
                        44518631676647
                    ],
                    "sub": [
                        {
                            "stat": [
                                "doUptoVir2VcsNoSepCleanup",
                                "entry",
                                0.098523855209350586,
                                0.090225,
                                0.029072000000000001,
                                275336,
                                275340,
                                0.0,
                                0.0,
                                1715239382.425669,
                                44518701931739
                            ],
                            "sub": []
                        },
                        {
                            "stat": [
                                "doUptoVir2VcsNoSepCleanup",
                                "exit",
                                0.20939278602600098,
                                0.18015400000000001,
                                0.047513,
                                287452,
                                287472,
                                0.0,
                                0.0,
                                1715239382.5365379,
                                44518951698383
                            ],
                            "sub": []
                        },
                        {
                            "stat": [
                                "doRadify_vir2vcsAll",
                                "entry",
                                0.20945501327514648,
                                0.180203,
                                0.047525999999999999,
                                287452,
                                287472,
                                0.0,
                                0.0,
                                1715239382.5366001,
                                44518951795507
                            ],
                            "sub": []
                        },
                        {
                            "stat": [
                                "doRadify_vir2vcsAll",
                                "exit",
                                0.22378683090209961,
                                0.19220300000000001,
                                0.049535999999999997,
                                287452,
                                287472,
                                0.0,
                                0.0,
                                1715239382.5509319,
                                44518984117548
                            ],
                            "sub": []
                        }
                    ]
                },
                {
                    "stat": [
                        "doPostDesignResolutionToVir2Vcs",
                        "exit",
                        0.22382378578186035,
                        0.19223199999999999,
                        0.049543999999999998,
                        287452,
                        287472,
                        0.0,
                        0.0,
                        1715239382.5509689,
                        44518984166368
                    ],
                    "sub": []
                },
                {
                    "stat": [
                        "doGAToPass2",
                        "entry",
                        0.2238459587097168,
                        0.192249,
                        0.049548000000000002,
                        287452,
                        287472,
                        0.0,
                        0.0,
                        1715239382.5509911,
                        44518984210552
                    ],