{
    "Modules": {
        "...MASTER...": {
            "nQuads": 0,
            "start_perf": [
                0.24527192115783691,
                0.192969,
                0.051722999999999998,
                285768,
                287472,
                1715239382.572417,
                44519032488932
            ],
            "child_modules": {
                "std": 1,
                "tb_top": 1
            },
            "end_perf": [
                0.24970293045043945,
                0.194359,
                0.052555999999999999,
                285780,
                287472,
                44519042489067,
                0,
                0
            ],
            "nMops": 0,
            "nRouts": 5
        },
        "std": {
            "nQuads": 218,
            "start_perf": [
                0.24981093406677246,
                0.194442,
                0.052578,
                285780,
                287472,
                1715239382.576956,
                44519042721767
            ],
            "child_modules": {},
            "Compiled": "Yes",
            "end_perf": [
                0.2524869441986084,
                0.19515299999999999,
                0.054483999999999998,
                285796,
                287472,
                44519048756240,
                8589934594,
                0
            ],
            "Compiled Times": 3,
            "svclass": [
                "$vcs_nba_dyn_obj",
                0,
                35,
                2,
                2,
                0,
                "sigprop$$",
                0,
                35,
                2,
                2,
                0,
                "process",
                0,
                200,
                8,
                8,
                0,
                "event",
                0,
                34,
                2,
                2,
                0,
                "mailbox",
                0,
                140,
                9,
                9,
                0,
                "semaphore",
                0,
                84,
                5,
                5,
                0
            ],
            "nMops": 528,
            "nRouts": 33
        },
        "Async_FIFO": {
            "nQuads": 1011,
            "start_perf": [
                0.25252485275268555,
                0.19518199999999999,
                0.054491999999999999,
                285796,
                287472,
                1715239382.57967,
                44519048824716
            ],
            "child_modules": {},
            "end_perf": [
                0.26954483985900879,
                0.20988399999999999,
                0.056431000000000002,
                287748,
                287752,
                44519087205918,
                12884901889,
                0
            ],
            "Compiled": "Yes",
            "Compiled Times": 3,
            "nMops": 2929,
            "nRouts": 115
        },
        "Async_FIFO_0000": {
            "nQuads": 1011,
            "start_perf": [
                0.2695918083190918,
                0.209921,
                0.056440999999999998,
                287748,
                287752,
                1715239382.5967369,
                44519087276900
            ],
            "child_modules": {},
            "end_perf": [
                0.28646492958068848,
                0.22251899999999999,
                0.060326999999999999,
                287748,
                287772,
                44519125335144,
                12884901889,
                0
            ],
            "Compiled": "Yes",
            "Compiled Times": 3,
            "nMops": 2929,
            "nRouts": 115
        },
        "Async_FIFO_0002": {
            "nQuads": 1011,
            "start_perf": [
                0.30404782295227051,
                0.23666400000000001,
                0.063374,
                287748,
                287772,
                1715239382.6311929,
                44519164956642
            ],
            "child_modules": {},
            "end_perf": [
                0.32053780555725098,
                0.24954999999999999,
                0.066613000000000006,
                287748,
                287772,
                44519202094436,
                12884901889,
                0
            ],
            "Compiled": "Yes",
            "Compiled Times": 3,
            "nMops": 2929,
            "nRouts": 115
        },
        "axi_crossbar_mst_switch_0000": {
            "nQuads": 4860,
            "start_perf": [
                0.32456684112548828,
                0.25347999999999998,
                0.066623000000000002,
                287748,
                287772,
                1715239382.6517119,
                44519211127003
            ],
            "child_modules": {
                "ram_dp": 2,
                "round_arbiter_0000": 2
            },
            "end_perf": [
                0.34341692924499512,
                0.27102700000000002,
                0.067507999999999999,
                287748,
                287772,
                44519253624429,
                30064771073,
                0
            ],
            "Compiled": "Yes",
            "Compiled Times": 3,
            "nMops": 14057,
            "nRouts": 477
        },
        "axi_mst_driver": {
            "nQuads": 961,
            "start_perf": [
                0.35730099678039551,
                0.28049499999999999,
                0.071614999999999998,
                287748,
                287772,
                1715239382.6844461,
                44519284873593
            ],
            "child_modules": {},
            "end_perf": [
                0.3681788444519043,
                0.29113099999999997,
                0.071614999999999998,
                287748,
                287772,
                44519309496173,
                85899345921,
                0
            ],
            "Compiled": "Yes",
            "Compiled Times": 3,
            "nMops": 2401,
            "nRouts": 126
        },
        "round_arbiter_0000": {
            "nQuads": 397,
            "start_perf": [
                0.35497188568115234,
                0.278277,
                0.071556999999999996,
                287748,
                287772,
                1715239382.682117,
                44519279629042
            ],
            "child_modules": {},
            "end_perf": [
                0.35726690292358398,
                0.28046900000000002,
                0.071609000000000006,
                287748,
                287772,
                44519284820321,
                68719476737,
                0
            ],
            "Compiled": "Yes",
            "Compiled Times": 3,
            "nMops": 1178,
            "nRouts": 42
        },
        "Async_FIFO_0001": {
            "nQuads": 1011,
            "start_perf": [
                0.28655886650085449,
                0.22259100000000001,
                0.060345999999999997,
                287748,
                287772,
                1715239382.613704,
                44519125519918
            ],
            "child_modules": {},
            "end_perf": [
                0.30393695831298828,
                0.23657800000000001,
                0.063351000000000005,
                287748,
                287772,
                44519164828924,
                12884901889,
                0
            ],
            "Compiled": "Yes",
            "Compiled Times": 3,
            "nMops": 2946,
            "nRouts": 115
        },
        "axi_crossbar_mst_if": {
            "nQuads": 699,